{
"hi":"*ʜᴇʏ! ʜᴏᴡ ᴀʀᴇ ʏᴏᴜ ᴅᴇᴀʀ...?* 👑❤️",
"walkdrove":"*𝐘𝐞𝐬𝐡 𝐃𝐞𝐚𝐫 𝐖𝐚𝐥𝐤-𝐝𝐫𝐨𝐯𝐞 𝐢𝐬 𝐡𝐞𝐫𝐞...* 🥹🩷",
"usman":"*ʏᴇᴀsʜ ᴊᴀᴀɴ*☺️",
"ok":"*𝐘𝐞𝐚𝐡*♥️",
"Okey":"*AHMM*💙🥲",
"love you":"*LOVE YOU TOO...🥺💙*",
"good morning":"*MOLNING TOOO...❤️*", 
".sad":"*▶︎ ●──── 5:35*",
"DROVE-MD":"*© 𝐂𝐫𝐞𝐚𝐭𝐞𝐝 𝐁𝐲 𝐌.𝐅𝐚𝐫𝐡𝐚𝐧 𝐀𝐥𝐢*"
}
